{
  "perplexity": 678.3399047851562,
  "total_tokens": 25436,
  "avg_nll": 6.519648469606086,
  "timestamp": "2026-05-23 11:58:04"
}