{
  "fertility": 1.1538461538461537,
  "vocab_size": 32000,
  "trained_at": "2026-05-21T08:45:45.097280"
}